unit_key,channel,unit_id,is_mua,n_spikes,snr,isi_violation,band,lfp_channel,mrl,ppc,p_value,preferred_phase_deg,significant
ch0_unit1,0,1,True,141,2.54,3.57,delta,0,0.1623,0.0194,0.024432,105.4,True
ch0_unit1,0,1,True,141,2.54,3.57,delta,1,0.1793,0.0252,0.010756,121.7,True
ch0_unit1,0,1,True,141,2.54,3.57,delta,2,0.1881,0.0285,0.006827,105.3,True
ch0_unit1,0,1,True,141,2.54,3.57,delta,3,0.1800,0.0255,0.010367,113.6,True
ch0_unit1,0,1,True,141,2.54,3.57,delta,4,0.1962,0.0316,0.004383,102.0,True
ch0_unit1,0,1,True,141,2.54,3.57,delta,5,0.1589,0.0183,0.028431,105.1,True
ch0_unit1,0,1,True,141,2.54,3.57,delta,6,0.1686,0.0215,0.018195,111.5,True
ch0_unit1,0,1,True,141,2.54,3.57,delta,7,0.1731,0.0230,0.014645,114.8,True
ch0_unit1,0,1,True,141,2.54,3.57,delta,8,0.1769,0.0244,0.012143,109.6,True
ch0_unit1,0,1,True,141,2.54,3.57,delta,9,0.1364,0.0116,0.072538,119.3,False
ch0_unit1,0,1,True,141,2.54,3.57,delta,10,0.1821,0.0262,0.009337,114.0,True
ch0_unit1,0,1,True,141,2.54,3.57,delta,11,0.1674,0.0211,0.019264,119.4,True
ch0_unit1,0,1,True,141,2.54,3.57,delta,12,0.1639,0.0199,0.022698,120.2,True
ch0_unit1,0,1,True,141,2.54,3.57,delta,13,0.1722,0.0227,0.015289,119.3,True
ch0_unit1,0,1,True,141,2.54,3.57,delta,14,0.1509,0.0158,0.040323,118.8,True
ch0_unit1,0,1,True,141,2.54,3.57,theta,0,0.0663,-0.0027,0.538037,-44.2,False
ch0_unit1,0,1,True,141,2.54,3.57,theta,1,0.0489,-0.0047,0.713965,-146.6,False
ch0_unit1,0,1,True,141,2.54,3.57,theta,2,0.0520,-0.0044,0.682602,-66.0,False
ch0_unit1,0,1,True,141,2.54,3.57,theta,3,0.0405,-0.0055,0.793929,-132.9,False
ch0_unit1,0,1,True,141,2.54,3.57,theta,4,0.0460,-0.0050,0.742135,-72.2,False
ch0_unit1,0,1,True,141,2.54,3.57,theta,5,0.0468,-0.0049,0.734230,-83.9,False
ch0_unit1,0,1,True,141,2.54,3.57,theta,6,0.0430,-0.0053,0.770439,-78.8,False
ch0_unit1,0,1,True,141,2.54,3.57,theta,7,0.0588,-0.0037,0.614247,-125.3,False
ch0_unit1,0,1,True,141,2.54,3.57,theta,8,0.0612,-0.0034,0.589606,-52.3,False
ch0_unit1,0,1,True,141,2.54,3.57,theta,9,0.0473,-0.0049,0.729729,-145.6,False
ch0_unit1,0,1,True,141,2.54,3.57,theta,10,0.0677,-0.0025,0.524243,-42.8,False
ch0_unit1,0,1,True,141,2.54,3.57,theta,11,0.0763,-0.0013,0.440381,-46.8,False
ch0_unit1,0,1,True,141,2.54,3.57,theta,12,0.0715,-0.0020,0.486804,-45.1,False
ch0_unit1,0,1,True,141,2.54,3.57,theta,13,0.0665,-0.0027,0.535616,-43.6,False
ch0_unit1,0,1,True,141,2.54,3.57,theta,14,0.0794,-0.0008,0.411258,-48.1,False
ch0_unit1,0,1,True,141,2.54,3.57,alpha,0,0.0912,0.0012,0.309435,145.1,False
ch0_unit1,0,1,True,141,2.54,3.57,alpha,1,0.1502,0.0156,0.041570,114.6,True
ch0_unit1,0,1,True,141,2.54,3.57,alpha,2,0.1173,0.0067,0.143755,144.8,False
ch0_unit1,0,1,True,141,2.54,3.57,alpha,3,0.1308,0.0101,0.089624,129.9,False
ch0_unit1,0,1,True,141,2.54,3.57,alpha,4,0.1201,0.0074,0.130813,137.3,False
ch0_unit1,0,1,True,141,2.54,3.57,alpha,5,0.1325,0.0105,0.084063,141.1,False
ch0_unit1,0,1,True,141,2.54,3.57,alpha,6,0.1347,0.0111,0.077337,139.6,False
ch0_unit1,0,1,True,141,2.54,3.57,alpha,7,0.1363,0.0116,0.072937,122.1,False
ch0_unit1,0,1,True,141,2.54,3.57,alpha,8,0.1109,0.0053,0.176360,143.5,False
ch0_unit1,0,1,True,141,2.54,3.57,alpha,9,0.1643,0.0200,0.022268,110.8,True
ch0_unit1,0,1,True,141,2.54,3.57,alpha,10,0.0859,0.0003,0.352928,148.7,False
ch0_unit1,0,1,True,141,2.54,3.57,alpha,11,0.0732,-0.0017,0.469319,148.5,False
ch0_unit1,0,1,True,141,2.54,3.57,alpha,12,0.0745,-0.0016,0.457479,157.6,False
ch0_unit1,0,1,True,141,2.54,3.57,alpha,13,0.0730,-0.0018,0.471546,154.7,False
ch0_unit1,0,1,True,141,2.54,3.57,alpha,14,0.0743,-0.0016,0.459176,158.4,False
ch0_unit1,0,1,True,141,2.54,3.57,beta,0,0.1312,0.0102,0.088449,-137.4,False
ch0_unit1,0,1,True,141,2.54,3.57,beta,1,0.1360,0.0115,0.073804,-172.3,False
ch0_unit1,0,1,True,141,2.54,3.57,beta,2,0.1273,0.0092,0.101860,-143.2,False
ch0_unit1,0,1,True,141,2.54,3.57,beta,3,0.1287,0.0095,0.096922,-157.4,False
ch0_unit1,0,1,True,141,2.54,3.57,beta,4,0.1409,0.0129,0.060854,-152.7,False
ch0_unit1,0,1,True,141,2.54,3.57,beta,5,0.1265,0.0090,0.104914,-154.3,False
ch0_unit1,0,1,True,141,2.54,3.57,beta,6,0.1281,0.0094,0.098711,-159.8,False
ch0_unit1,0,1,True,141,2.54,3.57,beta,7,0.1399,0.0126,0.063296,-163.3,False
ch0_unit1,0,1,True,141,2.54,3.57,beta,8,0.1329,0.0106,0.083032,-137.5,False
ch0_unit1,0,1,True,141,2.54,3.57,beta,9,0.1327,0.0106,0.083461,-169.9,False
ch0_unit1,0,1,True,141,2.54,3.57,beta,10,0.1128,0.0057,0.166457,-134.4,False
ch0_unit1,0,1,True,141,2.54,3.57,beta,11,0.0984,0.0026,0.255145,-129.5,False
ch0_unit1,0,1,True,141,2.54,3.57,beta,12,0.1125,0.0056,0.167984,-119.1,False
ch0_unit1,0,1,True,141,2.54,3.57,beta,13,0.1036,0.0037,0.219924,-129.6,False
ch0_unit1,0,1,True,141,2.54,3.57,beta,14,0.0981,0.0025,0.257613,-122.7,False
ch0_unit1,0,1,True,141,2.54,3.57,low_gamma,0,0.0507,-0.0046,0.695905,-109.8,False
ch0_unit1,0,1,True,141,2.54,3.57,low_gamma,1,0.0400,-0.0055,0.798331,110.6,False
ch0_unit1,0,1,True,141,2.54,3.57,low_gamma,2,0.0466,-0.0050,0.736519,-113.5,False
ch0_unit1,0,1,True,141,2.54,3.57,low_gamma,3,0.0514,-0.0045,0.688913,155.1,False
ch0_unit1,0,1,True,141,2.54,3.57,low_gamma,4,0.0534,-0.0043,0.669167,-172.3,False
ch0_unit1,0,1,True,141,2.54,3.57,low_gamma,5,0.0387,-0.0056,0.809534,174.4,False
ch0_unit1,0,1,True,141,2.54,3.57,low_gamma,6,0.0358,-0.0059,0.834882,174.5,False
ch0_unit1,0,1,True,141,2.54,3.57,low_gamma,7,0.0408,-0.0055,0.790869,143.8,False
ch0_unit1,0,1,True,141,2.54,3.57,low_gamma,8,0.0668,-0.0027,0.533299,-125.4,False
ch0_unit1,0,1,True,141,2.54,3.57,low_gamma,9,0.0493,-0.0047,0.709920,116.6,False
ch0_unit1,0,1,True,141,2.54,3.57,low_gamma,10,0.0520,-0.0044,0.682777,-106.2,False
ch0_unit1,0,1,True,141,2.54,3.57,low_gamma,11,0.0493,-0.0047,0.710017,-83.3,False
ch0_unit1,0,1,True,141,2.54,3.57,low_gamma,12,0.0572,-0.0039,0.630805,-95.4,False
ch0_unit1,0,1,True,141,2.54,3.57,low_gamma,13,0.0689,-0.0024,0.512130,-114.3,False
ch0_unit1,0,1,True,141,2.54,3.57,low_gamma,14,0.0616,-0.0033,0.586053,-82.1,False
ch0_unit1,0,1,True,141,2.54,3.57,high_gamma,0,0.0546,-0.0041,0.657081,-112.1,False
ch0_unit1,0,1,True,141,2.54,3.57,high_gamma,1,0.0253,-0.0065,0.913496,-149.9,False
ch0_unit1,0,1,True,141,2.54,3.57,high_gamma,2,0.0491,-0.0047,0.711673,-108.2,False
ch0_unit1,0,1,True,141,2.54,3.57,high_gamma,3,0.0311,-0.0062,0.872528,-124.5,False
ch0_unit1,0,1,True,141,2.54,3.57,high_gamma,4,0.0354,-0.0059,0.837997,-126.4,False
ch0_unit1,0,1,True,141,2.54,3.57,high_gamma,5,0.0423,-0.0053,0.776639,-149.9,False
ch0_unit1,0,1,True,141,2.54,3.57,high_gamma,6,0.0377,-0.0057,0.818157,-133.3,False
ch0_unit1,0,1,True,141,2.54,3.57,high_gamma,7,0.0317,-0.0061,0.868060,-152.9,False
ch0_unit1,0,1,True,141,2.54,3.57,high_gamma,8,0.0615,-0.0033,0.586939,-129.2,False
ch0_unit1,0,1,True,141,2.54,3.57,high_gamma,9,0.0249,-0.0065,0.916053,176.8,False
ch0_unit1,0,1,True,141,2.54,3.57,high_gamma,10,0.0437,-0.0052,0.764370,-120.8,False
ch0_unit1,0,1,True,141,2.54,3.57,high_gamma,11,0.0344,-0.0059,0.846181,-139.0,False
ch0_unit1,0,1,True,141,2.54,3.57,high_gamma,12,0.0482,-0.0048,0.720262,-128.2,False
ch0_unit1,0,1,True,141,2.54,3.57,high_gamma,13,0.0653,-0.0029,0.548627,-115.2,False
ch0_unit1,0,1,True,141,2.54,3.57,high_gamma,14,0.0448,-0.0051,0.753850,-125.9,False
ch0_unit2,0,2,True,220,3.05,4.11,delta,0,0.1524,0.0188,0.006023,154.2,True
ch0_unit2,0,2,True,220,3.05,4.11,delta,1,0.1702,0.0245,0.001711,163.6,True
ch0_unit2,0,2,True,220,3.05,4.11,delta,2,0.1571,0.0202,0.004384,149.5,True
ch0_unit2,0,2,True,220,3.05,4.11,delta,3,0.1413,0.0155,0.012403,150.3,True
ch0_unit2,0,2,True,220,3.05,4.11,delta,4,0.1508,0.0183,0.006734,142.3,True
ch0_unit2,0,2,True,220,3.05,4.11,delta,5,0.1390,0.0148,0.014277,157.7,True
ch0_unit2,0,2,True,220,3.05,4.11,delta,6,0.1533,0.0191,0.005668,149.4,True
ch0_unit2,0,2,True,220,3.05,4.11,delta,7,0.1475,0.0173,0.008338,161.9,True
ch0_unit2,0,2,True,220,3.05,4.11,delta,8,0.1455,0.0167,0.009464,155.1,True
ch0_unit2,0,2,True,220,3.05,4.11,delta,9,0.1458,0.0168,0.009319,171.2,True
ch0_unit2,0,2,True,220,3.05,4.11,delta,10,0.1683,0.0239,0.001973,150.7,True
ch0_unit2,0,2,True,220,3.05,4.11,delta,11,0.1844,0.0296,0.000562,152.8,True
ch0_unit2,0,2,True,220,3.05,4.11,delta,12,0.1621,0.0218,0.003089,157.4,True
ch0_unit2,0,2,True,220,3.05,4.11,delta,13,0.1716,0.0250,0.001536,154.9,True
ch0_unit2,0,2,True,220,3.05,4.11,delta,14,0.1737,0.0257,0.001313,158.6,True
ch0_unit2,0,2,True,220,3.05,4.11,theta,0,0.0734,0.0008,0.305559,16.9,False
ch0_unit2,0,2,True,220,3.05,4.11,theta,1,0.0885,0.0033,0.178620,-72.8,False
ch0_unit2,0,2,True,220,3.05,4.11,theta,2,0.0666,-0.0001,0.377343,4.0,False
ch0_unit2,0,2,True,220,3.05,4.11,theta,3,0.0741,0.0010,0.298336,-52.1,False
ch0_unit2,0,2,True,220,3.05,4.11,theta,4,0.0637,-0.0005,0.409389,-19.6,False
ch0_unit2,0,2,True,220,3.05,4.11,theta,5,0.0664,-0.0001,0.378758,-46.4,False
ch0_unit2,0,2,True,220,3.05,4.11,theta,6,0.0562,-0.0014,0.499722,-47.2,False
ch0_unit2,0,2,True,220,3.05,4.11,theta,7,0.0753,0.0011,0.287601,-58.0,False
ch0_unit2,0,2,True,220,3.05,4.11,theta,8,0.0650,-0.0003,0.394497,-4.2,False
ch0_unit2,0,2,True,220,3.05,4.11,theta,9,0.1090,0.0074,0.073307,-82.8,False
ch0_unit2,0,2,True,220,3.05,4.11,theta,10,0.0860,0.0029,0.196841,23.0,False
ch0_unit2,0,2,True,220,3.05,4.11,theta,11,0.0923,0.0040,0.153638,39.1,False
ch0_unit2,0,2,True,220,3.05,4.11,theta,12,0.1042,0.0063,0.091674,57.6,False
ch0_unit2,0,2,True,220,3.05,4.11,theta,13,0.0944,0.0044,0.140913,33.2,False
ch0_unit2,0,2,True,220,3.05,4.11,theta,14,0.1020,0.0059,0.101228,54.8,False
ch0_unit2,0,2,True,220,3.05,4.11,alpha,0,0.0620,-0.0007,0.428817,-31.3,False
ch0_unit2,0,2,True,220,3.05,4.11,alpha,1,0.0287,-0.0037,0.834629,-126.1,False
ch0_unit2,0,2,True,220,3.05,4.11,alpha,2,0.0526,-0.0018,0.544339,-46.7,False
ch0_unit2,0,2,True,220,3.05,4.11,alpha,3,0.0502,-0.0020,0.574112,-88.2,False
ch0_unit2,0,2,True,220,3.05,4.11,alpha,4,0.0470,-0.0023,0.614928,-57.9,False
ch0_unit2,0,2,True,220,3.05,4.11,alpha,5,0.0483,-0.0022,0.598574,-82.6,False
ch0_unit2,0,2,True,220,3.05,4.11,alpha,6,0.0557,-0.0014,0.504840,-80.1,False
ch0_unit2,0,2,True,220,3.05,4.11,alpha,7,0.0540,-0.0016,0.526066,-104.0,False
ch0_unit2,0,2,True,220,3.05,4.11,alpha,8,0.0629,-0.0006,0.419259,-39.7,False
ch0_unit2,0,2,True,220,3.05,4.11,alpha,9,0.0441,-0.0026,0.652259,-130.2,False
ch0_unit2,0,2,True,220,3.05,4.11,alpha,10,0.0704,0.0004,0.335903,-32.5,False
ch0_unit2,0,2,True,220,3.05,4.11,alpha,11,0.0796,0.0018,0.248086,-22.6,False
ch0_unit2,0,2,True,220,3.05,4.11,alpha,12,0.0799,0.0019,0.245182,-23.6,False
ch0_unit2,0,2,True,220,3.05,4.11,alpha,13,0.0773,0.0014,0.268569,-24.2,False
ch0_unit2,0,2,True,220,3.05,4.11,alpha,14,0.0823,0.0022,0.225126,-23.0,False
ch0_unit2,0,2,True,220,3.05,4.11,beta,0,0.0482,-0.0022,0.600369,-113.5,False
ch0_unit2,0,2,True,220,3.05,4.11,beta,1,0.0803,0.0019,0.241915,-147.2,False
ch0_unit2,0,2,True,220,3.05,4.11,beta,2,0.0626,-0.0006,0.421738,-118.9,False
ch0_unit2,0,2,True,220,3.05,4.11,beta,3,0.0822,0.0022,0.226137,-138.3,False
ch0_unit2,0,2,True,220,3.05,4.11,beta,4,0.0669,-0.0001,0.373313,-130.7,False
ch0_unit2,0,2,True,220,3.05,4.11,beta,5,0.0717,0.0006,0.322265,-122.8,False
ch0_unit2,0,2,True,220,3.05,4.11,beta,6,0.0778,0.0015,0.263707,-131.7,False
ch0_unit2,0,2,True,220,3.05,4.11,beta,7,0.0779,0.0015,0.262875,-139.7,False
ch0_unit2,0,2,True,220,3.05,4.11,beta,8,0.0571,-0.0013,0.488678,-105.9,False
ch0_unit2,0,2,True,220,3.05,4.11,beta,9,0.0722,0.0007,0.317289,-153.1,False
ch0_unit2,0,2,True,220,3.05,4.11,beta,10,0.0435,-0.0027,0.659633,-103.0,False
ch0_unit2,0,2,True,220,3.05,4.11,beta,11,0.0355,-0.0033,0.758361,-89.6,False
ch0_unit2,0,2,True,220,3.05,4.11,beta,12,0.0454,-0.0025,0.634992,-89.8,False
ch0_unit2,0,2,True,220,3.05,4.11,beta,13,0.0376,-0.0031,0.732278,-90.5,False
ch0_unit2,0,2,True,220,3.05,4.11,beta,14,0.0321,-0.0035,0.797548,-83.1,False
ch0_unit2,0,2,True,220,3.05,4.11,low_gamma,0,0.0501,-0.0020,0.575233,167.8,False
ch0_unit2,0,2,True,220,3.05,4.11,low_gamma,1,0.0439,-0.0026,0.654380,134.9,False
ch0_unit2,0,2,True,220,3.05,4.11,low_gamma,2,0.0452,-0.0025,0.638410,157.3,False
ch0_unit2,0,2,True,220,3.05,4.11,low_gamma,3,0.0539,-0.0016,0.527606,152.4,False
ch0_unit2,0,2,True,220,3.05,4.11,low_gamma,4,0.0617,-0.0007,0.433141,157.7,False
ch0_unit2,0,2,True,220,3.05,4.11,low_gamma,5,0.0717,0.0006,0.322219,154.1,False
ch0_unit2,0,2,True,220,3.05,4.11,low_gamma,6,0.0448,-0.0025,0.642533,141.3,False
ch0_unit2,0,2,True,220,3.05,4.11,low_gamma,7,0.0532,-0.0017,0.536416,142.3,False
ch0_unit2,0,2,True,220,3.05,4.11,low_gamma,8,0.0528,-0.0018,0.541946,160.7,False
ch0_unit2,0,2,True,220,3.05,4.11,low_gamma,9,0.0489,-0.0022,0.591477,130.2,False
ch0_unit2,0,2,True,220,3.05,4.11,low_gamma,10,0.0459,-0.0024,0.628580,152.5,False
ch0_unit2,0,2,True,220,3.05,4.11,low_gamma,11,0.0439,-0.0026,0.653934,125.0,False
ch0_unit2,0,2,True,220,3.05,4.11,low_gamma,12,0.0463,-0.0024,0.624336,165.1,False
ch0_unit2,0,2,True,220,3.05,4.11,low_gamma,13,0.0505,-0.0020,0.570694,165.6,False
ch0_unit2,0,2,True,220,3.05,4.11,low_gamma,14,0.0295,-0.0037,0.825974,131.6,False
ch0_unit2,0,2,True,220,3.05,4.11,high_gamma,0,0.0608,-0.0009,0.443498,-111.6,False
ch0_unit2,0,2,True,220,3.05,4.11,high_gamma,1,0.0850,0.0027,0.203982,-99.5,False
ch0_unit2,0,2,True,220,3.05,4.11,high_gamma,2,0.0564,-0.0014,0.496081,-104.6,False
ch0_unit2,0,2,True,220,3.05,4.11,high_gamma,3,0.0613,-0.0008,0.437628,-96.0,False
ch0_unit2,0,2,True,220,3.05,4.11,high_gamma,4,0.0567,-0.0013,0.493070,-106.1,False
ch0_unit2,0,2,True,220,3.05,4.11,high_gamma,5,0.0692,0.0002,0.348861,-99.9,False
ch0_unit2,0,2,True,220,3.05,4.11,high_gamma,6,0.0500,-0.0021,0.576779,-110.0,False
ch0_unit2,0,2,True,220,3.05,4.11,high_gamma,7,0.0668,-0.0001,0.374569,-100.9,False
ch0_unit2,0,2,True,220,3.05,4.11,high_gamma,8,0.0522,-0.0018,0.548857,-118.2,False
ch0_unit2,0,2,True,220,3.05,4.11,high_gamma,9,0.0889,0.0034,0.175820,-95.0,False
ch0_unit2,0,2,True,220,3.05,4.11,high_gamma,10,0.0655,-0.0003,0.389629,-119.7,False
ch0_unit2,0,2,True,220,3.05,4.11,high_gamma,11,0.0849,0.0027,0.204764,-115.9,False
ch0_unit2,0,2,True,220,3.05,4.11,high_gamma,12,0.0626,-0.0006,0.422640,-107.5,False
ch0_unit2,0,2,True,220,3.05,4.11,high_gamma,13,0.0819,0.0022,0.229007,-104.1,False
ch0_unit2,0,2,True,220,3.05,4.11,high_gamma,14,0.0633,-0.0005,0.414251,-113.3,False
ch0_unit3,0,3,False,406,4.43,0.00,delta,0,0.1470,0.0192,0.000154,159.5,True
ch0_unit3,0,3,False,406,4.43,0.00,delta,1,0.1217,0.0124,0.002450,170.0,True
ch0_unit3,0,3,False,406,4.43,0.00,delta,2,0.1477,0.0194,0.000142,157.3,True
ch0_unit3,0,3,False,406,4.43,0.00,delta,3,0.1237,0.0129,0.001998,162.6,True
ch0_unit3,0,3,False,406,4.43,0.00,delta,4,0.1346,0.0157,0.000636,150.7,True
ch0_unit3,0,3,False,406,4.43,0.00,delta,5,0.1197,0.0119,0.002979,170.6,True
ch0_unit3,0,3,False,406,4.43,0.00,delta,6,0.1295,0.0143,0.001102,163.7,True
ch0_unit3,0,3,False,406,4.43,0.00,delta,7,0.1214,0.0123,0.002525,172.1,True
ch0_unit3,0,3,False,406,4.43,0.00,delta,8,0.1455,0.0187,0.000185,160.2,True
ch0_unit3,0,3,False,406,4.43,0.00,delta,9,0.1080,0.0092,0.008755,174.0,True
ch0_unit3,0,3,False,406,4.43,0.00,delta,10,0.1564,0.0221,0.000048,156.2,True
ch0_unit3,0,3,False,406,4.43,0.00,delta,11,0.1670,0.0255,0.000012,155.1,True
ch0_unit3,0,3,False,406,4.43,0.00,delta,12,0.1580,0.0226,0.000040,165.1,True
ch0_unit3,0,3,False,406,4.43,0.00,delta,13,0.1608,0.0235,0.000027,156.3,True
ch0_unit3,0,3,False,406,4.43,0.00,delta,14,0.1693,0.0263,0.000009,160.5,True
ch0_unit3,0,3,False,406,4.43,0.00,theta,0,0.0521,0.0003,0.332122,68.5,False
ch0_unit3,0,3,False,406,4.43,0.00,theta,1,0.0841,0.0046,0.056645,160.0,False
ch0_unit3,0,3,False,406,4.43,0.00,theta,2,0.0514,0.0002,0.342088,75.3,False
ch0_unit3,0,3,False,406,4.43,0.00,theta,3,0.0624,0.0014,0.205609,131.5,False
ch0_unit3,0,3,False,406,4.43,0.00,theta,4,0.0381,-0.0010,0.554603,100.9,False
ch0_unit3,0,3,False,406,4.43,0.00,theta,5,0.0331,-0.0014,0.640802,135.7,False
ch0_unit3,0,3,False,406,4.43,0.00,theta,6,0.0452,-0.0004,0.436051,128.9,False
ch0_unit3,0,3,False,406,4.43,0.00,theta,7,0.0712,0.0026,0.127718,148.9,False
ch0_unit3,0,3,False,406,4.43,0.00,theta,8,0.0468,-0.0003,0.411019,67.8,False
ch0_unit3,0,3,False,406,4.43,0.00,theta,9,0.0834,0.0045,0.059344,170.8,False
ch0_unit3,0,3,False,406,4.43,0.00,theta,10,0.0721,0.0027,0.121244,64.5,False
ch0_unit3,0,3,False,406,4.43,0.00,theta,11,0.0821,0.0043,0.064638,67.2,False
ch0_unit3,0,3,False,406,4.43,0.00,theta,12,0.1054,0.0087,0.010980,75.0,True
ch0_unit3,0,3,False,406,4.43,0.00,theta,13,0.0794,0.0039,0.077358,63.4,False
ch0_unit3,0,3,False,406,4.43,0.00,theta,14,0.0946,0.0065,0.026501,68.3,True
ch0_unit3,0,3,False,406,4.43,0.00,alpha,0,0.0523,0.0003,0.329234,2.5,False
ch0_unit3,0,3,False,406,4.43,0.00,alpha,1,0.0031,-0.0025,0.996163,142.3,False
ch0_unit3,0,3,False,406,4.43,0.00,alpha,2,0.0328,-0.0014,0.646337,-8.0,False
ch0_unit3,0,3,False,406,4.43,0.00,alpha,3,0.0158,-0.0022,0.903614,-35.0,False
ch0_unit3,0,3,False,406,4.43,0.00,alpha,4,0.0281,-0.0017,0.726524,-2.3,False
ch0_unit3,0,3,False,406,4.43,0.00,alpha,5,0.0278,-0.0017,0.730705,-19.9,False
ch0_unit3,0,3,False,406,4.43,0.00,alpha,6,0.0166,-0.0022,0.893822,-19.4,False
ch0_unit3,0,3,False,406,4.43,0.00,alpha,7,0.0050,-0.0024,0.990086,-50.2,False
ch0_unit3,0,3,False,406,4.43,0.00,alpha,8,0.0410,-0.0008,0.505197,-2.7,False
ch0_unit3,0,3,False,406,4.43,0.00,alpha,9,0.0033,-0.0025,0.995717,173.6,False
ch0_unit3,0,3,False,406,4.43,0.00,alpha,10,0.0580,0.0009,0.254743,-4.3,False
ch0_unit3,0,3,False,406,4.43,0.00,alpha,11,0.0684,0.0022,0.149511,-5.4,False
ch0_unit3,0,3,False,406,4.43,0.00,alpha,12,0.0732,0.0029,0.113246,-5.0,False
ch0_unit3,0,3,False,406,4.43,0.00,alpha,13,0.0632,0.0015,0.197683,-4.7,False
ch0_unit3,0,3,False,406,4.43,0.00,alpha,14,0.0718,0.0027,0.123354,-10.1,False
ch0_unit3,0,3,False,406,4.43,0.00,beta,0,0.0639,0.0016,0.190377,138.6,False
ch0_unit3,0,3,False,406,4.43,0.00,beta,1,0.0839,0.0046,0.057375,155.5,False
ch0_unit3,0,3,False,406,4.43,0.00,beta,2,0.0756,0.0033,0.097976,142.5,False
ch0_unit3,0,3,False,406,4.43,0.00,beta,3,0.0776,0.0036,0.086812,153.1,False
ch0_unit3,0,3,False,406,4.43,0.00,beta,4,0.0691,0.0023,0.144101,148.4,False
ch0_unit3,0,3,False,406,4.43,0.00,beta,5,0.0654,0.0018,0.176425,149.9,False
ch0_unit3,0,3,False,406,4.43,0.00,beta,6,0.0695,0.0024,0.140991,151.5,False
ch0_unit3,0,3,False,406,4.43,0.00,beta,7,0.0769,0.0035,0.090888,155.9,False
ch0_unit3,0,3,False,406,4.43,0.00,beta,8,0.0595,0.0011,0.237460,139.6,False
ch0_unit3,0,3,False,406,4.43,0.00,beta,9,0.0824,0.0043,0.063606,156.3,False
ch0_unit3,0,3,False,406,4.43,0.00,beta,10,0.0587,0.0010,0.246749,135.0,False
ch0_unit3,0,3,False,406,4.43,0.00,beta,11,0.0675,0.0021,0.156909,139.6,False
ch0_unit3,0,3,False,406,4.43,0.00,beta,12,0.0602,0.0012,0.229628,137.9,False
ch0_unit3,0,3,False,406,4.43,0.00,beta,13,0.0669,0.0020,0.162169,138.1,False
ch0_unit3,0,3,False,406,4.43,0.00,beta,14,0.0675,0.0021,0.157666,139.9,False
ch0_unit3,0,3,False,406,4.43,0.00,low_gamma,0,0.0196,-0.0021,0.855472,-114.6,False
ch0_unit3,0,3,False,406,4.43,0.00,low_gamma,1,0.0107,-0.0024,0.954946,-157.1,False
ch0_unit3,0,3,False,406,4.43,0.00,low_gamma,2,0.0300,-0.0016,0.694469,-126.3,False
ch0_unit3,0,3,False,406,4.43,0.00,low_gamma,3,0.0160,-0.0022,0.901122,-160.5,False
ch0_unit3,0,3,False,406,4.43,0.00,low_gamma,4,0.0222,-0.0020,0.818752,-133.8,False
ch0_unit3,0,3,False,406,4.43,0.00,low_gamma,5,0.0242,-0.0019,0.789098,-135.0,False
ch0_unit3,0,3,False,406,4.43,0.00,low_gamma,6,0.0226,-0.0020,0.812204,177.6,False
ch0_unit3,0,3,False,406,4.43,0.00,low_gamma,7,0.0226,-0.0020,0.812706,-157.0,False
ch0_unit3,0,3,False,406,4.43,0.00,low_gamma,8,0.0264,-0.0018,0.753111,-143.1,False
ch0_unit3,0,3,False,406,4.43,0.00,low_gamma,9,0.0102,-0.0024,0.959005,-143.8,False
ch0_unit3,0,3,False,406,4.43,0.00,low_gamma,10,0.0229,-0.0019,0.807643,-110.8,False
ch0_unit3,0,3,False,406,4.43,0.00,low_gamma,11,0.0295,-0.0016,0.702449,-104.8,False
ch0_unit3,0,3,False,406,4.43,0.00,low_gamma,12,0.0301,-0.0016,0.692612,-114.7,False
ch0_unit3,0,3,False,406,4.43,0.00,low_gamma,13,0.0215,-0.0020,0.829500,-108.8,False
ch0_unit3,0,3,False,406,4.43,0.00,low_gamma,14,0.0259,-0.0018,0.762214,-105.5,False
ch0_unit3,0,3,False,406,4.43,0.00,high_gamma,0,0.1064,0.0089,0.010087,51.7,True
ch0_unit3,0,3,False,406,4.43,0.00,high_gamma,1,0.1367,0.0163,0.000507,45.5,True
ch0_unit3,0,3,False,406,4.43,0.00,high_gamma,2,0.1230,0.0127,0.002159,45.3,True
ch0_unit3,0,3,False,406,4.43,0.00,high_gamma,3,0.1179,0.0115,0.003536,50.8,True
ch0_unit3,0,3,False,406,4.43,0.00,high_gamma,4,0.1262,0.0135,0.001556,43.6,True
ch0_unit3,0,3,False,406,4.43,0.00,high_gamma,5,0.1232,0.0127,0.002111,43.7,True
ch0_unit3,0,3,False,406,4.43,0.00,high_gamma,6,0.1275,0.0138,0.001356,47.3,True
ch0_unit3,0,3,False,406,4.43,0.00,high_gamma,7,0.1259,0.0134,0.001597,45.9,True
ch0_unit3,0,3,False,406,4.43,0.00,high_gamma,8,0.1157,0.0109,0.004369,49.3,True
ch0_unit3,0,3,False,406,4.43,0.00,high_gamma,9,0.1307,0.0147,0.000975,48.4,True
ch0_unit3,0,3,False,406,4.43,0.00,high_gamma,10,0.1102,0.0097,0.007205,50.1,True
ch0_unit3,0,3,False,406,4.43,0.00,high_gamma,11,0.1035,0.0083,0.012867,47.1,True
ch0_unit3,0,3,False,406,4.43,0.00,high_gamma,12,0.1013,0.0078,0.015532,43.2,True
ch0_unit3,0,3,False,406,4.43,0.00,high_gamma,13,0.1005,0.0077,0.016576,46.1,True
ch0_unit3,0,3,False,406,4.43,0.00,high_gamma,14,0.1080,0.0092,0.008754,42.4,True
